{
  "accuracy": 0.996665608129565,
  "precision": 0.997950119576358,
  "recall": 0.9948910081743869,
  "f1": 0.996418215930411,
  "roc_auc": 0.999927868289117,
  "pr_auc": 0.9999191294685958,
  "positives_test": 2936,
  "negatives_test": 3362,
  "timestamp": "2025-10-23T09:24:17.264321+00:00Z"
}