{
  "train": {
    "threshold": 0.0005157531122677028,
    "accuracy": 0.945912417814167,
    "precision": 0.8960295695719566,
    "recall": 1.0,
    "f1": 0.9451641302980757,
    "roc_auc": 1.0,
    "pr_auc": 1.0,
    "tn": 7735,
    "fp": 872,
    "fn": 0,
    "tp": 7515,
    "positives": 7515,
    "negatives": 8607
  },
  "valid": {
    "threshold": 0.0005157531122677028,
    "accuracy": 0.9476556685685934,
    "precision": 0.8998082454458294,
    "recall": 0.9989356040447046,
    "f1": 0.9467843631778058,
    "roc_auc": 0.9996725696457223,
    "pr_auc": 0.9996930569628273,
    "tn": 1943,
    "fp": 209,
    "fn": 2,
    "tp": 1877,
    "positives": 1879,
    "negatives": 2152
  },
  "test": {
    "threshold": 0.0005157531122677028,
    "accuracy": 0.9458225838460012,
    "precision": 0.8958810068649885,
    "recall": 1.0,
    "f1": 0.9450814725407363,
    "roc_auc": 0.9999640755142186,
    "pr_auc": 0.9999589943036153,
    "tn": 2417,
    "fp": 273,
    "fn": 0,
    "tp": 2349,
    "positives": 2349,
    "negatives": 2690
  },
  "threshold": 0.0005157531122677028,
  "fit_report": {
    "mode": "prec\u22650.9",
    "precision": 0.9002398081534773,
    "recall": 0.9989356040447046
  },
  "timestamp": "2025-10-23T11:12:23.478160+00:00Z"
}